target,description,
0,今日は死にたい,
0,今日は死にたい0,
0,今日は死にたい0,
0,今日は死にたい0,
0,今日は死にたい0,
0,今日は死にたい0,
0,今日は死にたい0,
0,今日は死にたい0,
0,今日は死にたい0,
0,今日は死にたい0,
0,今日は死にたい0,
0,今日は死にたい0,
0,今日は死にたい0,
0,今日は死にたい0,
0,今日は死にたい0,
0,今日は死にたい0,
0,今日は死にたい0,
0,今日は死にたい0,
0,今日は死にたい0,
0,今日は死にたい0,
0,今日は死にたい0,
0,今日は死にたい0,
0,今日は死にたい0,
0,今日は死にたい0,
0,今日は死にたい0,
0,今日は死にたい0,
0,今日は死にたい0,
0,今日は死にたい0,
0,今日は死にたい0,
0,今日は死にたい0,
0,今日は死にたい0,
0,今日は死にたい0,
0,今日は死にたい0,
0,今日は死にたい0,
0,今日は死にたい0,
0,今日は死にたい0,
0,今日は死にたい0,
0,今日は死にたい0,
0,今日は死にたい0,
0,今日は死にたい0,
0,今日は死にたい0,
0,今日は死にたい0,
0,今日は死にたい0,
0,今日は死にたい0,
0,今日は死にたい0,
0,今日は死にたい0,
0,今日は死にたい0,
0,今日は死にたい0,
0,今日は死にたい0,
0,今日は死にたい0,
0,今日は死にたい0,
0,今日は死にたい0,
0,今日は死にたい0,
0,今日は死にたい0,
0,今日は死にたい0,
0,今日は死にたい0,
0,今日は死にたい0,
0,今日は死にたい0,
0,今日は死にたい0,
0,今日は死にたい0,
0,今日は死にたい0,
0,今日は死にたい0,
0,今日は死にたい0,
0,今日は死にたい0,
0,今日は死にたい0,
0,今日は死にたい0,
0,今日は死にたい0,
0,今日は死にたい0,
0,今日は死にたい0,
0,今日は死にたい0,
0,今日は死にたい0,
0,今日は死にたい0,
0,今日は死にたい0,
0,今日は死にたい0,
0,今日は死にたい0,
0,今日は死にたい0,
0,今日は死にたい0,
0,今日は死にたい0,
0,今日は死にたい0,
0,今日は死にたい0,
0,今日は死にたい0,
0,今日は死にたい0,
0,今日は死にたい0,
0,今日は死にたい0,
0,今日は死にたい0,
0,今日は死にたい0,
0,今日は死にたい0,
0,今日は死にたい0,
0,今日は死にたい0,